[
  {
    "id": 1,
    "name": "Glow Serum",
    "brand": "Estée Lauder",
    "price": 299,
    "category": "cilt-bakimi",
    "color": "Sarı",
    "image": "assets/images/product1.svg",
    "description": "Cildinizi parlatacak ve kuru ciltlere ışıltı katacak serum.",
    "rating": 4.5,
    "reviews": 128,
    "inStock": true,
    "discount": 0
  },
  {
    "id": 2,
    "name": "Mat Ruj",
    "brand": "MAC",
    "price": 149,
    "category": "makyaj",
    "color": "Kırmızı",
    "image": "assets/images/product2.svg",
    "description": "Uzun ömürlü mat ruj, yoğun renk pigmentasyonu.",
    "rating": 4.8,
    "reviews": 256,
    "inStock": true,
    "discount": 10
  },
  {
    "id": 3,
    "name": "Nemlendirici Krem",
    "brand": "Cetaphil",
    "price": 229,
    "category": "cilt-bakimi",
    "color": "Beyaz",
    "image": "assets/images/product3.svg",
    "description": "Hassas cilt için dermatolog önerili nemlendirici.",
    "rating": 4.6,
    "reviews": 342,
    "inStock": true,
    "discount": 15
  },
  {
    "id": 4,
    "name": "Eau de Parfum",
    "brand": "Dior",
    "price": 399,
    "category": "parfum",
    "color": "Amber",
    "image": "assets/images/product4.svg",
    "description": "Zarif ve uzun ömürlü şarkılı parfüm.",
    "rating": 4.9,
    "reviews": 189,
    "inStock": true,
    "discount": 5
  },
  {
    "id": 5,
    "name": "Saç Serumu",
    "brand": "Moroccanoil",
    "price": 189,
    "category": "sac",
    "color": "Altın",
    "image": "assets/images/product5.svg",
    "description": "Argan yağı içeren saç parlatıcı serum.",
    "rating": 4.7,
    "reviews": 215,
    "inStock": true,
    "discount": 0
  },
  {
    "id": 6,
    "name": "Göz Kremi",
    "brand": "Clinique",
    "price": 179,
    "category": "cilt-bakimi",
    "color": "Beyaz",
    "image": "assets/images/product1.svg",
    "description": "Göz çevresindeki kırışıklıkları ve koyu halkları azaltır.",
    "rating": 4.4,
    "reviews": 87,
    "inStock": true,
    "discount": 20
  },
  {
    "id": 7,
    "name": "Likit Fondöten",
    "brand": "Maybelline",
    "price": 99,
    "category": "makyaj",
    "color": "Açık",
    "image": "assets/images/product2.svg",
    "description": "Mat bitişli, uzun ömürlü likit fondöten.",
    "rating": 4.3,
    "reviews": 523,
    "inStock": true,
    "discount": 25
  },
  {
    "id": 8,
    "name": "Konsantre Parfüm",
    "brand": "Tom Ford",
    "price": 499,
    "category": "parfum",
    "color": "Siyah Ambar",
    "image": "assets/images/product3.svg",
    "description": "Lüks ve sofistike uzun ömürlü parfüm.",
    "rating": 5,
    "reviews": 156,
    "inStock": true,
    "discount": 0
  },
  {
    "id": 9,
    "name": "Şampuan",
    "brand": "Pantene",
    "price": 45,
    "category": "sac",
    "color": "Mavi",
    "image": "assets/images/product4.svg",
    "description": "Günlük kullanım için yumuşatıcı ve besleyici şampuan.",
    "rating": 4.2,
    "reviews": 891,
    "inStock": true,
    "discount": 30
  },
  {
    "id": 10,
    "name": "Dudak Balsamı SPF 30",
    "brand": "Burt's Bees",
    "price": 65,
    "category": "makyaj",
    "color": "Doğal",
    "image": "assets/images/product5.svg",
    "description": "Doğal bileşenlerden yapılmış dudak balsamı.",
    "rating": 4.5,
    "reviews": 234,
    "inStock": true,
    "discount": 0
  },
  {
    "id": 11,
    "name": "Peeling Jeli",
    "brand": "Cosmelan",
    "price": 139,
    "category": "cilt-bakimi",
    "color": "Sarı",
    "image": "assets/images/product1.svg",
    "description": "Hafif kimyasal peeling, cildi yeniler.",
    "rating": 4.6,
    "reviews": 142,
    "inStock": true,
    "discount": 10
  },
  {
    "id": 12,
    "name": "Far Paleti",
    "brand": "Urban Decay",
    "price": 219,
    "category": "makyaj",
    "color": "Çok Renkli",
    "image": "assets/images/product2.svg",
    "description": "Profesyonel kalitesi far paleti 12 renk.",
    "rating": 4.8,
    "reviews": 445,
    "inStock": true,
    "discount": 15
  },
  {
    "id": 13,
    "name": "Cologne Sprey",
    "brand": "Calvin Klein",
    "price": 249,
    "category": "parfum",
    "color": "Mavi",
    "image": "assets/images/product3.svg",
    "description": "Taze ve hafif unisex cologne.",
    "rating": 4.4,
    "reviews": 267,
    "inStock": true,
    "discount": 20
  },
  {
    "id": 14,
    "name": "Fön Spreyi",
    "brand": "Kérastase",
    "price": 159,
    "category": "sac",
    "color": "Renksiz",
    "image": "assets/images/product4.svg",
    "description": "Sıcak hava ile kurutmaya karşı koruma.",
    "rating": 4.5,
    "reviews": 178,
    "inStock": true,
    "discount": 0
  },
  {
    "id": 15,
    "name": "Makyaj Temizleyici",
    "brand": "La Roche Posay",
    "price": 89,
    "category": "cilt-bakimi",
    "color": "Şeffaf",
    "image": "assets/images/product5.svg",
    "description": "Yüzü ve göz makyajını etkili şekilde temizler.",
    "rating": 4.7,
    "reviews": 334,
    "inStock": true,
    "discount": 12
  },
  {
    "id": 16,
    "name": "Maskara",
    "brand": "L'Oréal",
    "price": 119,
    "category": "makyaj",
    "color": "Siyah",
    "image": "assets/images/product1.svg",
    "description": "Uzatıcı ve hacim veren maskara.",
    "rating": 4.3,
    "reviews": 612,
    "inStock": true,
    "discount": 25
  },
  {
    "id": 17,
    "name": "Toner",
    "brand": "Pixi",
    "price": 79,
    "category": "cilt-bakimi",
    "color": "Sarı",
    "image": "assets/images/product2.svg",
    "description": "Cilt dengesini sağlayan çiçek su toneri.",
    "rating": 4.4,
    "reviews": 289,
    "inStock": true,
    "discount": 0
  },
  {
    "id": 18,
    "name": "Saç Maskesi",
    "brand": "OLAPLEX",
    "price": 279,
    "category": "sac",
    "color": "Beyaz",
    "image": "assets/images/product3.svg",
    "description": "Hasar görmüş saçları onarıcı maske.",
    "rating": 4.9,
    "reviews": 401,
    "inStock": true,
    "discount": 18
  },
  {
    "id": 19,
    "name": "Suyu Parfüm",
    "brand": "Guerlain",
    "price": 369,
    "category": "parfum",
    "color": "Pembe",
    "image": "assets/images/product4.svg",
    "description": "Çiçekli ve hoş koku, hafif ve tazeleştirici.",
    "rating": 4.7,
    "reviews": 198,
    "inStock": true,
    "discount": 8
  },
  {
    "id": 20,
    "name": "Güneş Kremi SPF 50",
    "brand": "Neutrogena",
    "price": 69,
    "category": "cilt-bakimi",
    "color": "Beyaz",
    "image": "assets/images/product5.svg",
    "description": "Yüksek koruma faktörlü hafif güneş kremi.",
    "rating": 4.6,
    "reviews": 567,
    "inStock": true,
    "discount": 0
  },
  {
    "id": 21,
    "name": "Kontür Paleti",
    "brand": "Anastasia Beverly Hills",
    "price": 259,
    "category": "makyaj",
    "color": "Çok Renkli",
    "image": "assets/images/product1.svg",
    "description": "Profesyonel kontür ve highlight paleti.",
    "rating": 4.8,
    "reviews": 376,
    "inStock": true,
    "discount": 22
  },
  {
    "id": 22,
    "name": "Jel Eyeliner",
    "brand": "Bobbi Brown",
    "price": 139,
    "category": "makyaj",
    "color": "Siyah",
    "image": "assets/images/product2.svg",
    "description": "Uzun ömürlü jel eyeliner, kolay uygulama.",
    "rating": 4.5,
    "reviews": 212,
    "inStock": true,
    "discount": 10
  },
  {
    "id": 23,
    "name": "Kolonya",
    "brand": "Prada",
    "price": 429,
    "category": "parfum",
    "color": "Sarı",
    "image": "assets/images/product3.svg",
    "description": "İtalyan lüks parfüm markasının iconik kolonyası.",
    "rating": 4.9,
    "reviews": 223,
    "inStock": true,
    "discount": 0
  },
  {
    "id": 24,
    "name": "Termal Su",
    "brand": "Uriage",
    "price": 39,
    "category": "cilt-bakimi",
    "color": "Şeffaf",
    "image": "assets/images/product4.svg",
    "description": "Doğal termal su spreyi, sakinleştirici.",
    "rating": 4.3,
    "reviews": 441,
    "inStock": true,
    "discount": 0
  },
  {
    "id": 25,
    "name": "Beslenme Spreyi",
    "brand": "Schwarzkopf",
    "price": 75,
    "category": "sac",
    "color": "Şeffaf",
    "image": "assets/images/product5.svg",
    "description": "Saçı besleyici ve koruyucu sprey.",
    "rating": 4.4,
    "reviews": 156,
    "inStock": true,
    "discount": 5
  },
  {
    "id": 26,
    "name": "Bronzer Pudrası",
    "brand": "Benefit",
    "price": 189,
    "category": "makyaj",
    "color": "Bronz",
    "image": "assets/images/product1.svg",
    "description": "Doğal bronzlaştırıcı pudra, uzun ömürlü.",
    "rating": 4.6,
    "reviews": 298,
    "inStock": true,
    "discount": 12
  },
  {
    "id": 27,
    "name": "Konsantre Yağ",
    "brand": "Argan",
    "price": 119,
    "category": "cilt-bakimi",
    "color": "Sarı",
    "image": "assets/images/product2.svg",
    "description": "Saf argan yağı, tüm cilt tipleri için.",
    "rating": 4.7,
    "reviews": 389,
    "inStock": true,
    "discount": 0
  },
  {
    "id": 28,
    "name": "Yüz Yıkama Jeli",
    "brand": "Neutrogena",
    "price": 49,
    "category": "cilt-bakimi",
    "color": "Şeffaf",
    "image": "assets/images/product3.svg",
    "description": "Hafif ve etkili günlük yüz yıkama.",
    "rating": 4.4,
    "reviews": 723,
    "inStock": true,
    "discount": 15
  },
  {
    "id": 29,
    "name": "Bitki Ekstraktı Serum",
    "brand": "The Ordinary",
    "price": 59,
    "category": "cilt-bakimi",
    "color": "Şeffaf",
    "image": "assets/images/product4.svg",
    "description": "Ucuz ve etkili bitki ekstraktı serum.",
    "rating": 4.2,
    "reviews": 612,
    "inStock": true,
    "discount": 20
  },
  {
    "id": 30,
    "name": "Krem Ruj",
    "brand": "Charlotte Tilbury",
    "price": 199,
    "category": "makyaj",
    "color": "Pembe",
    "image": "assets/images/product5.svg",
    "description": "Krem doku, uzun ömürlü pembe ruj.",
    "rating": 4.8,
    "reviews": 334,
    "inStock": true,
    "discount": 8
  },
  {
    "id": 31,
    "name": "Retinol Serum",
    "brand": "Olay",
    "price": 149,
    "category": "cilt-bakimi",
    "color": "Sarı",
    "image": "assets/images/product1.svg",
    "description": "Anti-aging retinol serum, güçlü formül.",
    "rating": 4.5,
    "reviews": 267,
    "inStock": true,
    "discount": 18
  },
  {
    "id": 32,
    "name": "Dudak Rujü",
    "brand": "NARS",
    "price": 179,
    "category": "makyaj",
    "color": "Turuncu",
    "image": "assets/images/product2.svg",
    "description": "Parlak ve renkli dudak rujü.",
    "rating": 4.6,
    "reviews": 289,
    "inStock": true,
    "discount": 0
  },
  {
    "id": 33,
    "name": "Orman Aroması Parfüm",
    "brand": "Byredo",
    "price": 459,
    "category": "parfum",
    "color": "Yeşil",
    "image": "assets/images/product3.svg",
    "description": "Doğal orman aroması, zarif ve sofistike.",
    "rating": 4.9,
    "reviews": 145,
    "inStock": true,
    "discount": 10
  },
  {
    "id": 34,
    "name": "Şampuan Saç Hızlandırıcı",
    "brand": "Nizoral",
    "price": 89,
    "category": "sac",
    "color": "Mavi",
    "image": "assets/images/product4.svg",
    "description": "Saç kaybını ve kepekleri kontrol eden şampuan.",
    "rating": 4.3,
    "reviews": 156,
    "inStock": true,
    "discount": 25
  },
  {
    "id": 35,
    "name": "Hafif Krem",
    "brand": "Cerave",
    "price": 119,
    "category": "cilt-bakimi",
    "color": "Beyaz",
    "image": "assets/images/product5.svg",
    "description": "Hafif ve hızlı emilen nemlendirici krem.",
    "rating": 4.6,
    "reviews": 445,
    "inStock": true,
    "discount": 0
  },
  {
    "id": 36,
    "name": "Allık Paleti",
    "brand": "Flower Beauty",
    "price": 99,
    "category": "makyaj",
    "color": "Pembe",
    "image": "assets/images/product1.svg",
    "description": "Uygun fiyatlı renkli allık paleti.",
    "rating": 4.4,
    "reviews": 198,
    "inStock": true,
    "discount": 20
  },
  {
    "id": 37,
    "name": "Tatlı Vanilya Parfüm",
    "brand": "Carolina Herrera",
    "price": 389,
    "category": "parfum",
    "color": "Amber",
    "image": "assets/images/product2.svg",
    "description": "Tatlı ve sıcak vanilya aroması.",
    "rating": 4.7,
    "reviews": 212,
    "inStock": true,
    "discount": 12
  },
  {
    "id": 38,
    "name": "Protein Kondisyoner",
    "brand": "SheaMoisture",
    "price": 65,
    "category": "sac",
    "color": "Kahverengi",
    "image": "assets/images/product3.svg",
    "description": "Doğal saç proteinli kondisyoner.",
    "rating": 4.5,
    "reviews": 267,
    "inStock": true,
    "discount": 0
  },
  {
    "id": 39,
    "name": "Hyaluronik Asit Serum",
    "brand": "The Ordinary",
    "price": 79,
    "category": "cilt-bakimi",
    "color": "Şeffaf",
    "image": "assets/images/product4.svg",
    "description": "Hidrate edici hyaluronik asit serum.",
    "rating": 4.6,
    "reviews": 523,
    "inStock": true,
    "discount": 15
  },
  {
    "id": 40,
    "name": "Göz Farı Kalem",
    "brand": "Sephora Collection",
    "price": 49,
    "category": "makyaj",
    "color": "Çok Renkli",
    "image": "assets/images/product5.svg",
    "description": "Pratik ve dayanıklı göz farı kalem.",
    "rating": 4.3,
    "reviews": 334,
    "inStock": true,
    "discount": 10
  }
]
